,time,positions_axis_1,positions_axis_2,positions_axis_3,positions_axis_4,positions_axis_5,positions_axis_6,velocities_axis_1,velocities_axis_2,velocities_axis_3,velocities_axis_4,velocities_axis_5,velocities_axis_6,accelerations_axis_1,accelerations_axis_2,accelerations_axis_3,accelerations_axis_4,accelerations_axis_5,accelerations_axis_6
0,0.0,0.0,0.0,0.17,0.0,0.0,0.0,-0.0003179200449448997,0.0003644524795578586,0.00028769759528702855,-0.0008,0.0003255083547193897,0.0007725429282439377,-0.3179200449448997,0.3644524795578586,0.28769759528702854,-0.8,0.3255083547193897,0.7725429282439378
1,0.1,-0.001589600224724495,0.0018222623977892885,0.17143848797643516,-0.0039999999999999905,0.001627541773596945,0.0038627146412196795,-0.03179200449448979,0.03644524795578565,0.028769759528702688,-0.07999999999999954,0.03255083547193879,0.07725429282439332,-0.3179200449447761,0.36445247955771387,0.2876975952869167,-0.7999999999996892,0.32550835471926276,0.7725429282436351
2,0.2,-0.006358400898897974,0.007289049591157148,0.17575395190574056,-0.01599999999999995,0.0065101670943877735,0.015450858564878704,-0.06358400898897908,0.07289049591157072,0.05753951905740492,-0.1599999999999978,0.06510167094387705,0.15450858564878542,-0.31792004494414466,0.36445247955697835,0.2876975952863442,-0.7999999999980794,0.32550835471860357,0.7725429282420808
3,0.3,-0.013909001966339351,0.0159447959806563,0.1825867697938075,-0.03499999999999997,0.01424099051897329,0.03379875311067224,-0.07948001123622528,0.09111311988946505,0.07192439882175744,-0.20000000000000087,0.08137708867984779,0.19313573206098528,-3.4625219081373296e-13,3.878024537113809e-13,3.04701927916085e-13,-8.587054332180577e-13,3.4625219081373296e-13,8.310052579529591e-13
4,0.4,-0.021857003089961857,0.025056107969602778,0.18977920967598322,-0.055,0.022378699386958047,0.05311232631677072,-0.07948001123622528,0.09111311988946505,0.07192439882175744,-0.20000000000000087,0.08137708867984779,0.19313573206098528,-3.4625219081373296e-13,3.878024537113809e-13,3.04701927916085e-13,-8.587054332180577e-13,3.4625219081373296e-13,8.310052579529591e-13
5,0.5,-0.02980500421358437,0.034167419958549265,0.19697164955815896,-0.07500000000000005,0.030516408254942808,0.07242589952286921,-0.07948001123622528,0.09111311988946505,0.07192439882175744,-0.20000000000000087,0.08137708867984779,0.19313573206098528,-3.4625219081373296e-13,3.878024537113809e-13,3.04701927916085e-13,-8.587054332180577e-13,3.4625219081373296e-13,8.310052579529591e-13
6,0.6,-0.037753005337206914,0.04327873194749579,0.20416408944033473,-0.09500000000000018,0.03865411712292761,0.09173947272896779,-0.07948001123622726,0.09111311988946733,0.07192439882175924,-0.2000000000000059,0.08137708867984982,0.1931357320609901,-2.3268147222684143e-12,2.6592168254496165e-12,2.105213320147613e-12,-5.872437156201236e-12,2.3683649851660645e-12,5.650835754080435e-12
7,0.7,-0.04570100646082953,0.05239004393644239,0.21135652932251053,-0.11500000000000048,0.04679182599091247,0.11105304593506651,-0.07948001123622726,0.09111311988946733,0.07192439882175924,-0.2000000000000059,0.08137708867984982,0.1931357320609901,-2.3268147222684143e-12,2.6592168254496165e-12,2.105213320147613e-12,-5.872437156201236e-12,2.3683649851660645e-12,5.650835754080435e-12
8,0.8,-0.05364900758445213,0.06150135592538899,0.21854896920468636,-0.13500000000000076,0.05492953485889734,0.13036661914116524,-0.07948001123622726,0.09111311988946733,0.07192439882175924,-0.2000000000000059,0.08137708867984982,0.1931357320609901,-2.3268147222684143e-12,2.6592168254496165e-12,2.105213320147613e-12,-5.872437156201236e-12,2.3683649851660645e-12,5.650835754080435e-12
9,0.9,-0.061597008708074746,0.07061266791433558,0.2257414090868622,-0.15500000000000105,0.06306724372688219,0.14968019234726396,-0.07948001123622728,0.09111311988946734,0.07192439882175924,-0.20000000000000595,0.08137708867984983,0.19313573206099013,-2.3545148975335145e-12,2.6869170007147167e-12,2.119063407780163e-12,-5.927837506731436e-12,2.3960651604311647e-12,5.706236104610635e-12
10,1.0,-0.06954500983169734,0.07972397990328217,0.23293384896903802,-0.17500000000000135,0.07120495259486706,0.16899376555336268,-0.07948001123622728,0.09111311988946734,0.07192439882175924,-0.20000000000000595,0.08137708867984983,0.19313573206099013,-2.3545148975335145e-12,2.6869170007147167e-12,2.119063407780163e-12,-5.927837506731436e-12,2.3960651604311647e-12,5.706236104610635e-12
11,1.1,-0.07749301095531996,0.08883529189222879,0.24012628885121381,-0.19500000000000167,0.07934266146285193,0.18830733875946143,-0.07948001123622728,0.09111311988946734,0.07192439882175924,-0.20000000000000595,0.08137708867984983,0.19313573206099013,-2.3545148975335145e-12,2.6869170007147167e-12,2.119063407780163e-12,-5.927837506731436e-12,2.3960651604311647e-12,5.706236104610635e-12
12,1.2,-0.08544101207894259,0.09794660388117539,0.24731872873338964,-0.215000000000002,0.08748037033083679,0.20762091196556015,-0.07948001123622728,0.09111311988946734,0.07192439882175924,-0.20000000000000595,0.08137708867984983,0.19313573206099013,-2.3545148975335145e-12,2.6869170007147167e-12,2.119063407780163e-12,-5.927837506731436e-12,2.3960651604311647e-12,5.706236104610635e-12
13,1.3,-0.09338901320256517,0.10705791587012196,0.25451116861556544,-0.2350000000000022,0.09561807919882163,0.22693448517165882,-0.07948001123622725,0.09111311988946728,0.0719243988217593,-0.20000000000000573,0.08137708867984982,0.19313573206099005,-2.271414371738214e-12,2.6038164749194162e-12,2.0498129696174128e-12,-5.706236104610635e-12,2.3268147222684143e-12,5.512334877754934e-12
14,1.4,-0.10133701432618777,0.11616922785906857,0.26170360849774127,-0.2550000000000025,0.10375578806680649,0.2462480583777576,-0.07948001123622725,0.09111311988946728,0.0719243988217593,-0.20000000000000573,0.08137708867984982,0.19313573206099005,-2.271414371738214e-12,2.6038164749194162e-12,2.0498129696174128e-12,-5.706236104610635e-12,2.3268147222684143e-12,5.512334877754934e-12
15,1.5,-0.10928501544981037,0.12528053984801515,0.2688960483799171,-0.2750000000000028,0.11189349693479136,0.26556163158385626,-0.07948001123622725,0.09111311988946728,0.0719243988217593,-0.20000000000000573,0.08137708867984982,0.19313573206099005,-2.271414371738214e-12,2.6038164749194162e-12,2.0498129696174128e-12,-5.706236104610635e-12,2.3268147222684143e-12,5.512334877754934e-12
16,1.6,-0.11723301657343299,0.13439185183696176,0.2760884882620929,-0.29500000000000304,0.12003120580277622,0.28487520478995504,-0.07948001123622725,0.09111311988946728,0.0719243988217593,-0.20000000000000573,0.08137708867984982,0.19313573206099005,-2.271414371738214e-12,2.6038164749194162e-12,2.0498129696174128e-12,-5.706236104610635e-12,2.3268147222684143e-12,5.512334877754934e-12
17,1.7,-0.12518101769705553,0.14350316382590825,0.28328092814426864,-0.3150000000000031,0.128168914670761,0.3041887779960535,-0.07948001123621941,0.09111311988945829,0.07192439882175218,-0.19999999999998624,0.08137708867984178,0.1931357320609709,5.470784614856071e-12,-6.274089697543798e-12,-4.944481284819285e-12,1.3739286931486641e-11,-5.6092854911815414e-12,-1.3296084127245135e-11
18,1.8,-0.1331290188206777,0.15261447581485438,0.2904733680264441,-0.3350000000000024,0.13630662353874543,0.3235023512021512,-0.07948001123621941,0.09111311988945829,0.07192439882175218,-0.19999999999998624,0.08137708867984178,0.1931357320609709,5.470784614856071e-12,-6.274089697543798e-12,-4.944481284819285e-12,1.3739286931486641e-11,-5.6092854911815414e-12,-1.3296084127245135e-11
19,1.9,-0.14107701994429994,0.16172578780380054,0.2976658079086196,-0.3550000000000018,0.1444443324067299,0.34281592440824904,-0.07948001123621941,0.09111311988945829,0.07192439882175218,-0.19999999999998624,0.08137708867984178,0.1931357320609709,5.470784614856071e-12,-6.274089697543798e-12,-4.944481284819285e-12,1.3739286931486641e-11,-5.6092854911815414e-12,-1.3296084127245135e-11
20,2.0,-0.14902502106792215,0.17083709979274667,0.304858247790795,-0.375000000000001,0.15258204127471436,0.3621294976143467,-0.07948001123625463,0.09111311988949868,0.07192439882178404,-0.20000000000007487,0.08137708867987785,0.1931357320610565,-2.968073779655483e-11,3.402966531317556e-11,2.6855319919514617e-11,-7.470737268997516e-11,3.038709226581489e-11,7.213125639032084e-11
21,2.1,-0.15697302219154438,0.17994841178169282,0.3120506876729705,-0.39500000000000035,0.16071975014269885,0.38144307082044454,-0.07948001123621935,0.09111311988945832,0.07192439882175206,-0.199999999999986,0.08137708867984172,0.19313573206097098,5.567735228283901e-12,-6.3848903986041744e-12,-5.027581810614567e-12,1.3988588508872486e-11,-5.692386016976823e-12,-1.3517685529365888e-11
22,2.2,-0.16492102331516664,0.189059723770639,0.319243127555146,-0.4149999999999998,0.16885745901068333,0.40075664402654243,-0.07948001123621935,0.09111311988945832,0.07192439882175206,-0.199999999999986,0.08137708867984172,0.19313573206097098,5.567735228283901e-12,-6.3848903986041744e-12,-5.027581810614567e-12,1.3988588508872486e-11,-5.692386016976823e-12,-1.3517685529365888e-11
23,2.3,-0.17286902443878885,0.1981710357595852,0.32643556743732144,-0.43499999999999905,0.17699516787866776,0.4200702172326402,-0.07948001123621935,0.09111311988945832,0.07192439882175206,-0.199999999999986,0.08137708867984172,0.19313573206097098,5.567735228283901e-12,-6.3848903986041744e-12,-5.027581810614567e-12,1.3988588508872486e-11,-5.692386016976823e-12,-1.3517685529365888e-11
24,2.4,-0.18081702556241105,0.20728234774853133,0.3336280073194969,-0.4549999999999984,0.18513287674665224,0.43938379043873793,-0.07948001123621935,0.09111311988945832,0.07192439882175206,-0.199999999999986,0.08137708867984172,0.19313573206097098,5.567735228283901e-12,-6.3848903986041744e-12,-5.027581810614567e-12,1.3988588508872486e-11,-5.692386016976823e-12,-1.3517685529365888e-11
25,2.5,-0.1887650266860332,0.21639365973747737,0.34082044720167237,-0.47499999999999754,0.19327058561463664,0.4586973636448356,-0.07948001123621938,0.09111311988945826,0.07192439882175214,-0.19999999999998613,0.08137708867984175,0.19313573206097098,5.512334877753713e-12,-6.315639960441439e-12,-4.986031547716926e-12,1.3850087632547016e-11,-5.636985666446636e-12,-1.3406884828305512e-11
26,2.6,-0.19671302780965547,0.2255049717264236,0.3480128870838478,-0.49499999999999694,0.20140829448262115,0.47801093685093343,-0.07948001123621938,0.09111311988945826,0.07192439882175214,-0.19999999999998613,0.08137708867984175,0.19313573206097098,5.512334877753713e-12,-6.315639960441439e-12,-4.986031547716926e-12,1.3850087632547016e-11,-5.636985666446636e-12,-1.3406884828305512e-11
27,2.7,-0.2046610289332777,0.23461628371536972,0.35520532696602325,-0.5149999999999962,0.20954600335060558,0.49732451005703127,-0.07948001123621938,0.09111311988945826,0.07192439882175214,-0.19999999999998613,0.08137708867984175,0.19313573206097098,5.512334877753713e-12,-6.315639960441439e-12,-4.986031547716926e-12,1.3850087632547016e-11,-5.636985666446636e-12,-1.3406884828305512e-11
28,2.8,-0.21260903005689985,0.24372759570431585,0.3623977668481987,-0.5349999999999955,0.21768371221859004,0.516638083263129,-0.07948001123621941,0.0911131198894583,0.0719243988217521,-0.19999999999998586,0.08137708867984178,0.19313573206097095,5.623135578814088e-12,-6.440290749134363e-12,-5.082982161144755e-12,1.4127089385197956e-11,-5.761636455139558e-12,-1.3656186405691358e-11
29,2.9,-0.22055703118052206,0.252838907693262,0.3695902067303741,-0.5549999999999947,0.2258214210865745,0.5359516564692267,-0.07948001123621941,0.0911131198894583,0.0719243988217521,-0.19999999999998586,0.08137708867984178,0.19313573206097095,5.623135578814088e-12,-6.440290749134363e-12,-5.082982161144755e-12,1.4127089385197956e-11,-5.761636455139558e-12,-1.3656186405691358e-11
30,3.0,-0.22850503230414426,0.2619502196822081,0.3767826466125496,-0.574999999999994,0.23395912995455892,0.5552652296753244,-0.07948001123621941,0.0911131198894583,0.0719243988217521,-0.19999999999998586,0.08137708867984178,0.19313573206097095,5.623135578814088e-12,-6.440290749134363e-12,-5.082982161144755e-12,1.4127089385197956e-11,-5.761636455139558e-12,-1.3656186405691358e-11
31,3.1,-0.23645303342776652,0.27106153167115427,0.3839750864947251,-0.5949999999999933,0.2420968388225434,0.5745788028814222,-0.07948001123621941,0.0911131198894583,0.0719243988217521,-0.19999999999998586,0.08137708867984178,0.19313573206097095,5.623135578814088e-12,-6.440290749134363e-12,-5.082982161144755e-12,1.4127089385197956e-11,-5.761636455139558e-12,-1.3656186405691358e-11
32,3.2,-0.24440103455138878,0.2801728436601005,0.39116752637690055,-0.6149999999999927,0.2502345476905279,0.5938923760875201,-0.07948001123621937,0.0911131198894584,0.07192439882175221,-0.1999999999999863,0.08137708867984182,0.19313573206097084,5.443084439590978e-12,-6.2325394346461575e-12,-4.916781109554191e-12,1.3711586756221546e-11,-5.567735228283901e-12,-1.3212983601449853e-11
33,3.3,-0.25234903567501155,0.28928415564904725,0.39835996625907655,-0.6349999999999933,0.2583722565585129,0.613205949293619,-0.07948001123623512,0.09111311988947646,0.07192439882176646,-0.20000000000002596,0.08137708867985795,0.19313573206100912,-1.027676502335444e-11,1.1786424575302734e-11,9.30725888907572e-12,-2.5871963697609293e-11,1.0526066600740397e-11,2.498555808912589e-11
34,3.4,-0.2602970367986345,0.2983954676379943,0.40555240614125276,-0.6549999999999947,0.2665099654264982,0.6325195224997188,-0.07948001123623512,0.09111311988947646,0.07192439882176646,-0.20000000000002596,0.08137708867985795,0.19313573206100912,-1.027676502335444e-11,1.1786424575302734e-11,9.30725888907572e-12,-2.5871963697609293e-11,1.0526066600740397e-11,2.498555808912589e-11
35,3.5,-0.2682450379222575,0.30750677962694134,0.4127448460234289,-0.6749999999999959,0.27464767429448345,0.6518330957058185,-0.07948001123623512,0.09111311988947646,0.07192439882176646,-0.20000000000002596,0.08137708867985795,0.19313573206100912,-1.027676502335444e-11,1.1786424575302734e-11,9.30725888907572e-12,-2.5871963697609293e-11,1.0526066600740397e-11,2.498555808912589e-11
36,3.6,-0.2761930390458805,0.3166180916158884,0.4199372859056051,-0.6949999999999973,0.2827853831624687,0.6711466689119181,-0.0794800112362352,0.09111311988947625,0.0719243988217664,-0.20000000000002577,0.08137708867985788,0.19313573206100926,-1.0207514585191675e-11,1.1703324049507416e-11,9.251858538545507e-12,-2.5705762646018656e-11,1.0456816162577631e-11,2.4791656862270146e-11
37,3.7,-0.28414104016950353,0.3257294036048355,0.4271297257877813,-0.7149999999999986,0.290923092030454,0.6904602421180179,-0.0794800112362352,0.09111311988947625,0.0719243988217664,-0.20000000000002577,0.08137708867985788,0.19313573206100926,-1.0207514585191675e-11,1.1703324049507416e-11,9.251858538545507e-12,-2.5705762646018656e-11,1.0456816162577631e-11,2.4791656862270146e-11
38,3.8,-0.2920890412931265,0.3348407155937825,0.43432216566995746,-0.7349999999999999,0.2990608008984392,0.7097738153241175,-0.0794800112362352,0.09111311988947625,0.0719243988217664,-0.20000000000002577,0.08137708867985788,0.19313573206100926,-1.0207514585191675e-11,1.1703324049507416e-11,9.251858538545507e-12,-2.5705762646018656e-11,1.0456816162577631e-11,2.4791656862270146e-11
39,3.9,-0.30003704241674956,0.3439520275827295,0.4415146055521336,-0.7550000000000012,0.30719850976642454,0.7290873885302173,-0.0794800112362352,0.09111311988947625,0.0719243988217664,-0.20000000000002577,0.08137708867985788,0.19313573206100926,-1.0207514585191675e-11,1.1703324049507416e-11,9.251858538545507e-12,-2.5705762646018656e-11,1.0456816162577631e-11,2.4791656862270146e-11
40,4.0,-0.30798504354037254,0.35306333957167657,0.44870704543430984,-0.7750000000000024,0.31533621863440975,0.7484009617363169,-0.07948001123616473,0.09111311988939563,0.07192439882170247,-0.19999999999984822,0.08137708867978571,0.1931357320608381,6.020633093868188e-11,-6.900113658534923e-11,-5.4472394658807417e-11,1.5149225852479927e-10,-6.164674005246677e-11,-1.462846255749616e-10
41,4.1,-0.3159330446639955,0.36217465156062356,0.4558994853164859,-0.7950000000000035,0.323473927502395,0.7677145349424164,-0.07948001123623517,0.09111311988947639,0.07192439882176623,-0.2000000000000255,0.08137708867985785,0.19313573206100929,-1.009671388413125e-11,1.1592523348446991e-11,9.154907925117635e-12,-2.5428760893367593e-11,1.0346015461517206e-11,2.4570055460149296e-11
42,4.2,-0.3238810457876185,0.37128596354957066,0.46309192519866205,-0.8150000000000048,0.33161163637038027,0.7870281081485162,-0.07948001123623517,0.09111311988947639,0.07192439882176623,-0.2000000000000255,0.08137708867985785,0.19313573206100929,-1.009671388413125e-11,1.1592523348446991e-11,9.154907925117635e-12,-2.5428760893367593e-11,1.0346015461517206e-11,2.4570055460149296e-11
43,4.3,-0.3318290469112415,0.3803972755385176,0.4702843650808382,-0.8350000000000061,0.3397493452383655,0.8063416813546157,-0.07948001123623517,0.09111311988947639,0.07192439882176623,-0.2000000000000255,0.08137708867985785,0.19313573206100929,-1.009671388413125e-11,1.1592523348446991e-11,9.154907925117635e-12,-2.5428760893367593e-11,1.0346015461517206e-11,2.4570055460149296e-11
44,4.4,-0.33977704803486447,0.38950858752746464,0.4774768049630143,-0.8550000000000073,0.34788705410635073,0.8256552545607153,-0.07948001123623506,0.09111311988947639,0.0719243988217664,-0.20000000000002577,0.08137708867985788,0.19313573206100926,-1.0221364672824229e-11,1.1703324049507416e-11,9.251858538545507e-12,-2.5705762646018656e-11,1.0456816162577631e-11,2.4791656862270146e-11
45,4.5,-0.34772504915848745,0.39861989951641164,0.48466924484519047,-0.8750000000000084,0.35602476297433594,0.8449688277668149,-0.07948001123623506,0.09111311988947639,0.0719243988217664,-0.20000000000002577,0.08137708867985788,0.19313573206100926,-1.0221364672824229e-11,1.1703324049507416e-11,9.251858538545507e-12,-2.5705762646018656e-11,1.0456816162577631e-11,2.4791656862270146e-11
46,4.6,-0.3556730502821105,0.4077312115053588,0.49186168472736674,-0.8950000000000099,0.3641624718423213,0.8642824009729148,-0.07948001123623506,0.09111311988947639,0.0719243988217664,-0.20000000000002577,0.08137708867985788,0.19313573206100926,-1.0221364672824229e-11,1.1703324049507416e-11,9.251858538545507e-12,-2.5705762646018656e-11,1.0456816162577631e-11,2.4791656862270146e-11
47,4.7,-0.3636210514057334,0.4168425234943058,0.49905412460954285,-0.9150000000000111,0.37230018071030646,0.8835959741790143,-0.07948001123623515,0.09111311988947635,0.07192439882176647,-0.2000000000000257,0.08137708867985781,0.1931357320610092,-1.0193664497559122e-11,1.1675623874242309e-11,9.210308275647848e-12,-2.5650362295488443e-11,1.0429115987312526e-11,2.476395668700504e-11
48,4.8,-0.37156905252935646,0.4259538354832529,0.5062465644917191,-0.9350000000000125,0.3804378895782918,0.9029095473851141,-0.07948001123623515,0.09111311988947635,0.07192439882176647,-0.2000000000000257,0.08137708867985781,0.1931357320610092,-1.0193664497559122e-11,1.1675623874242309e-11,9.210308275647848e-12,-2.5650362295488443e-11,1.0429115987312526e-11,2.476395668700504e-11
49,4.9,-0.37951705365297944,0.43506514747219993,0.5134390043738952,-0.9550000000000137,0.38857559844627704,0.9222231205912138,-0.07948001123623515,0.09111311988947635,0.07192439882176647,-0.2000000000000257,0.08137708867985781,0.1931357320610092,-1.0193664497559122e-11,1.1675623874242309e-11,9.210308275647848e-12,-2.5650362295488443e-11,1.0429115987312526e-11,2.476395668700504e-11
50,5.0,-0.3874650547766025,0.444176459461147,0.5206314442560714,-0.975000000000015,0.39671330731426224,0.9415366937973134,-0.07948001123623515,0.09111311988947635,0.07192439882176647,-0.2000000000000257,0.08137708867985781,0.1931357320610092,-1.0193664497559122e-11,1.1675623874242309e-11,9.210308275647848e-12,-2.5650362295488443e-11,1.0429115987312526e-11,2.476395668700504e-11
51,5.1,-0.3954130559002255,0.453287771450094,0.5278238841382477,-0.9950000000000164,0.4048510161822476,0.9608502670034132,-0.0794800112362351,0.09111311988947628,0.07192439882176632,-0.20000000000002585,0.08137708867985793,0.19313573206100934,-1.0235214760456781e-11,1.1731024224772522e-11,9.279558713810614e-12,-2.5788863171813974e-11,1.0484516337842738e-11,2.4874757388065464e-11
52,5.2,-0.40336105702384845,0.462399083439041,0.5350163240204238,-1.0150000000000174,0.41298872505023276,0.9801638402095127,-0.0794800112362351,0.09111311988947628,0.07192439882176632,-0.20000000000002585,0.08137708867985793,0.19313573206100934,-1.0235214760456781e-11,1.1731024224772522e-11,9.279558713810614e-12,-2.5788863171813974e-11,1.0484516337842738e-11,2.4874757388065464e-11
53,5.3,-0.41130905814747143,0.4715103954279881,0.5422087639026,-1.0350000000000188,0.42112643391821813,0.9994774134156126,-0.0794800112362351,0.09111311988947628,0.07192439882176632,-0.20000000000002585,0.08137708867985793,0.19313573206100934,-1.0235214760456781e-11,1.1731024224772522e-11,9.279558713810614e-12,-2.5788863171813974e-11,1.0484516337842738e-11,2.4874757388065464e-11
54,5.4,-0.41925705927109447,0.4806217074169351,0.5494012037847762,-1.0550000000000201,0.42926414278620334,1.0187909866217122,-0.0794800112362351,0.09111311988947628,0.07192439882176632,-0.20000000000002585,0.08137708867985793,0.19313573206100934,-1.0235214760456781e-11,1.1731024224772522e-11,9.279558713810614e-12,-2.5788863171813974e-11,1.0484516337842738e-11,2.4874757388065464e-11
55,5.5,-0.4272050603947174,0.4897330194058821,0.5565936436669523,-1.0750000000000213,0.43740185165418854,1.0381045598278118,-0.07948001123623515,0.09111311988947635,0.07192439882176647,-0.2000000000000257,0.08137708867985781,0.1931357320610092,-1.0193664497559122e-11,1.1675623874242309e-11,9.210308275647848e-12,-2.5650362295488443e-11,1.0429115987312526e-11,2.476395668700504e-11
56,5.6,-0.4351530615183405,0.49884433139482925,0.5637860835491285,-1.0950000000000228,0.44553956052217386,1.0574181330339116,-0.07948001123623515,0.09111311988947635,0.07192439882176647,-0.2000000000000257,0.08137708867985781,0.1931357320610092,-1.0193664497559122e-11,1.1675623874242309e-11,9.210308275647848e-12,-2.5650362295488443e-11,1.0429115987312526e-11,2.476395668700504e-11
57,5.7,-0.4431010626419634,0.5079556433837762,0.5709785234313046,-1.115000000000024,0.45367726939015907,1.0767317062400112,-0.07948001123623515,0.09111311988947635,0.07192439882176647,-0.2000000000000257,0.08137708867985781,0.1931357320610092,-1.0193664497559122e-11,1.1675623874242309e-11,9.210308275647848e-12,-2.5650362295488443e-11,1.0429115987312526e-11,2.476395668700504e-11
58,5.8,-0.4510490637655865,0.5170669553727234,0.5781709633134808,-1.1350000000000253,0.46181497825814444,1.096045279446111,-0.07948001123623515,0.09111311988947635,0.07192439882176647,-0.2000000000000257,0.08137708867985781,0.1931357320610092,-1.0193664497559122e-11,1.1675623874242309e-11,9.210308275647848e-12,-2.5650362295488443e-11,1.0429115987312526e-11,2.476395668700504e-11
59,5.9,-0.45899706488920944,0.5261782673616703,0.5853634031956569,-1.1550000000000264,0.4699526871261296,1.1153588526522105,-0.07948001123623515,0.09111311988947635,0.07192439882176618,-0.20000000000002513,0.08137708867985798,0.19313573206100917,-9.972063095438271e-12,1.1426322296856353e-11,9.016407048792103e-12,-2.506865861492121e-11,1.0207514585191675e-11,2.4209953181702915e-11
60,6.0,-0.46694506601283237,0.5352895793506173,0.592555843077833,-1.1750000000000274,0.47809039599411485,1.13467242585831,-0.07948001123623515,0.09111311988947635,0.07192439882176618,-0.20000000000002513,0.08137708867985798,0.19313573206100917,-9.972063095438271e-12,1.1426322296856353e-11,9.016407048792103e-12,-2.506865861492121e-11,1.0207514585191675e-11,2.4209953181702915e-11
61,6.1,-0.47489306713645546,0.5444008913395645,0.5997482829600094,-1.195000000000029,0.48622810486210016,1.15398599906441,-0.07948001123623515,0.09111311988947635,0.07192439882176618,-0.20000000000002513,0.08137708867985798,0.19313573206100917,-9.972063095438271e-12,1.1426322296856353e-11,9.016407048792103e-12,-2.506865861492121e-11,1.0207514585191675e-11,2.4209953181702915e-11
62,6.2,-0.48284106826007844,0.5535122033285115,0.6069407228421855,-1.2150000000000303,0.4943658137300854,1.1732995722705095,-0.07948001123623515,0.09111311988947635,0.07192439882176618,-0.20000000000002513,0.08137708867985798,0.19313573206100917,-9.972063095438271e-12,1.1426322296856353e-11,9.016407048792103e-12,-2.506865861492121e-11,1.0207514585191675e-11,2.4209953181702915e-11
63,6.3,-0.4907890693837015,0.5626235153174586,0.6141331627243617,-1.2350000000000316,0.5025035225980707,1.1926131454766093,-0.0794800112362351,0.09111311988947643,0.07192439882176632,-0.20000000000002585,0.0813770886798578,0.19313573206100934,-1.0235214760456781e-11,1.1744874312405075e-11,9.279558713810614e-12,-2.5788863171813974e-11,1.0484516337842738e-11,2.4874757388065464e-11
64,6.4,-0.4987370705073234,0.5717348273064045,0.6213256026065368,-1.25500000000003,0.5106412314660549,1.2119267186827065,-0.07948001123620359,0.09111311988944029,0.07192439882173779,-0.19999999999994653,0.08137708867982552,0.19313573206093274,2.1218334253052625e-11,-2.432075388274178e-11,-1.9196221458701656e-11,5.337823773581254e-11,-2.1730787495456637e-11,-5.157772634358223e-11
65,6.5,-0.5066850716309449,0.5808461392953497,0.6285180424887117,-1.2750000000000274,0.5187789403340386,1.2312402918888024,-0.07948001123620359,0.09111311988944029,0.07192439882173779,-0.19999999999994653,0.08137708867982552,0.19313573206093274,2.1218334253052625e-11,-2.432075388274178e-11,-1.9196221458701656e-11,5.337823773581254e-11,-2.1730787495456637e-11,-5.157772634358223e-11
66,6.6,-0.5146330727545664,0.589957451284295,0.6357104823708863,-1.2950000000000248,0.5269166492020222,1.2505538650948982,-0.07948001123620359,0.09111311988944029,0.07192439882173779,-0.19999999999994653,0.08137708867982552,0.19313573206093274,2.1218334253052625e-11,-2.432075388274178e-11,-1.9196221458701656e-11,5.337823773581254e-11,-2.1730787495456637e-11,-5.157772634358223e-11
67,6.7,-0.5225810738781878,0.5990687632732401,0.6429029222530611,-1.3150000000000222,0.5350543580700059,1.269867438300994,-0.07948001123620368,0.09111311988944043,0.07192439882173814,-0.19999999999994691,0.0813770886798259,0.1931357320609325,2.1052133201462134e-11,-2.414070274351875e-11,-1.9057720582376247e-11,5.2962735106836314e-11,-2.1550736356233607e-11,-5.1162223714606e-11
68,6.8,-0.5305290750018092,0.6081800752621855,0.650095362135236,-1.3350000000000197,0.5431920669379897,1.28918101150709,-0.07948001123620368,0.09111311988944043,0.07192439882173814,-0.19999999999994691,0.0813770886798259,0.1931357320609325,2.1052133201462134e-11,-2.414070274351875e-11,-1.9057720582376247e-11,5.2962735106836314e-11,-2.1550736356233607e-11,-5.1162223714606e-11
69,6.9,-0.5384770761254305,0.6172913872511306,0.6572878020174107,-1.3550000000000169,0.5513297758059732,1.3084945847131855,-0.07948001123620368,0.09111311988944043,0.07192439882173814,-0.19999999999994691,0.0813770886798259,0.1931357320609325,2.1052133201462134e-11,-2.414070274351875e-11,-1.9057720582376247e-11,5.2962735106836314e-11,-2.1550736356233607e-11,-5.1162223714606e-11
70,7.0,-0.5464250772490519,0.6264026992400759,0.6644802418995854,-1.3750000000000142,0.5594674846739568,1.3278081579192813,-0.07948001123620378,0.09111311988944022,0.07192439882173797,-0.19999999999994642,0.0813770886798254,0.19313573206093262,2.1259884515950247e-11,-2.4376154233271945e-11,-1.9237771721599278e-11,5.348903843687287e-11,-2.177233775835426e-11,-5.166082686937747e-11
71,7.1,-0.5543730783726734,0.6355140112290211,0.6716726817817601,-1.3950000000000113,0.5676051935419404,1.3471217311253771,-0.07948001123620378,0.09111311988944022,0.07192439882173797,-0.19999999999994642,0.0813770886798254,0.19313573206093262,2.1259884515950247e-11,-2.4376154233271945e-11,-1.9237771721599278e-11,5.348903843687287e-11,-2.177233775835426e-11,-5.166082686937747e-11
72,7.2,-0.5623210794962948,0.6446253232179664,0.678865121663935,-1.4150000000000087,0.5757429024099241,1.366435304331473,-0.07948001123620378,0.09111311988944022,0.07192439882173797,-0.19999999999994642,0.0813770886798254,0.19313573206093262,2.1259884515950247e-11,-2.4376154233271945e-11,-1.9237771721599278e-11,5.348903843687287e-11,-2.177233775835426e-11,-5.166082686937747e-11
73,7.3,-0.5702690806199162,0.6537366352069116,0.6860575615461098,-1.435000000000006,0.5838806112779077,1.3857488775375688,-0.07948001123620378,0.09111311988944022,0.07192439882173797,-0.19999999999994642,0.0813770886798254,0.19313573206093262,2.1259884515950247e-11,-2.4376154233271945e-11,-1.9237771721599278e-11,5.348903843687287e-11,-2.177233775835426e-11,-5.166082686937747e-11
74,7.4,-0.5782170817435377,0.6628479471958568,0.6932500014282843,-1.4550000000000032,0.5920183201458913,1.4050624507436646,-0.07948001123620359,0.09111311988944,0.07192439882173779,-0.19999999999994653,0.0813770886798258,0.19313573206093274,2.1218334253052625e-11,-2.4334603970374323e-11,-1.9196221458701656e-11,5.337823773581254e-11,-2.1730787495456637e-11,-5.157772634358223e-11
75,7.5,-0.5861650828671592,0.671959259184802,0.7004424413104592,-1.4750000000000008,0.600156029013875,1.4243760239497605,-0.07948001123620359,0.09111311988944,0.07192439882173779,-0.19999999999994653,0.0813770886798258,0.19313573206093274,2.1218334253052625e-11,-2.4334603970374323e-11,-1.9196221458701656e-11,5.337823773581254e-11,-2.1730787495456637e-11,-5.157772634358223e-11
76,7.6,-0.5941130839907806,0.6810705711737473,0.7076348811926338,-1.4949999999999979,0.6082937378818587,1.4436895971558563,-0.07948001123620359,0.09111311988944,0.07192439882173779,-0.19999999999994653,0.0813770886798258,0.19313573206093274,2.1218334253052625e-11,-2.4334603970374323e-11,-1.9196221458701656e-11,5.337823773581254e-11,-2.1730787495456637e-11,-5.157772634358223e-11
77,7.7,-0.6020610851144019,0.6901818831626925,0.7148273210748087,-1.5149999999999952,0.6164314467498424,1.4630031703619524,-0.07948001123620359,0.09111311988944,0.07192439882173779,-0.19999999999994653,0.0813770886798258,0.19313573206093274,2.1218334253052625e-11,-2.4334603970374323e-11,-1.9196221458701656e-11,5.337823773581254e-11,-2.1730787495456637e-11,-5.157772634358223e-11
78,7.8,-0.6100090862380233,0.6992931951516377,0.7220197609569834,-1.5349999999999926,0.624569155617826,1.482316743568048,-0.0794800112362035,0.09111311988944022,0.07192439882173797,-0.19999999999994586,0.08137708867982542,0.19313573206093265,2.146763583043836e-11,-2.462545581065768e-11,-1.944552303608739e-11,5.4043041942174504e-11,-2.1993939160474915e-11,-5.218713019941403e-11
79,7.9,-0.6179570873616448,0.7084045071405829,0.7292122008391582,-1.55499999999999,0.6327068644858096,1.5016303167741438,-0.0794800112362035,0.09111311988944022,0.07192439882173797,-0.19999999999994586,0.08137708867982542,0.19313573206093265,2.146763583043836e-11,-2.462545581065768e-11,-1.944552303608739e-11,5.4043041942174504e-11,-2.1993939160474915e-11,-5.218713019941403e-11
80,8.0,-0.6259050884852662,0.7175158191295281,0.7364046407213329,-1.5749999999999873,0.6408445733537933,1.5209438899802399,-0.0794800112362035,0.09111311988944022,0.07192439882173797,-0.19999999999994586,0.08137708867982542,0.19313573206093265,2.146763583043836e-11,-2.462545581065768e-11,-1.944552303608739e-11,5.4043041942174504e-11,-2.1993939160474915e-11,-5.218713019941403e-11
81,8.1,-0.6338530896088946,0.7266271311184815,0.743597080603514,-1.5950000000000022,0.6489822822217841,1.5402574631863526,-0.07948001123634439,0.09111311988960173,0.07192439882186547,-0.20000000000030038,0.08137708867996968,0.19313573206127502,-1.1913845381522224e-10,1.3656186405697411e-10,1.077952320441612e-10,-2.997712967189805e-10,1.2197772177989563e-10,2.8949453169562603e-10
82,8.2,-0.6418010907325231,0.7357384431074349,0.7507895204856951,-1.615000000000017,0.6571199910897749,1.559571036392466,-0.07948001123634467,0.09111311988960173,0.07192439882186516,-0.20000000000030094,0.08137708867996994,0.193135732061275,-1.1934620512971053e-10,1.3681116563436007e-10,1.0798913327101694e-10,-3.003253002242826e-10,1.2218547309438393e-10,2.9002083502566307e-10
83,8.3,-0.6497490918561516,0.7448497550963882,0.7579819603678762,-1.6350000000000322,0.6652576999577657,1.5788846095985787,-0.07948001123634467,0.09111311988960173,0.07192439882186516,-0.20000000000030094,0.08137708867996994,0.193135732061275,-1.1934620512971053e-10,1.3681116563436007e-10,1.0798913327101694e-10,-3.003253002242826e-10,1.2218547309438393e-10,2.9002083502566307e-10
84,8.4,-0.6576970929797801,0.7539610670853414,0.7651744002500573,-1.655000000000047,0.6733954088257567,1.5981981828046914,-0.07948001123634467,0.09111311988960173,0.07192439882186516,-0.20000000000030094,0.08137708867996994,0.193135732061275,-1.1934620512971053e-10,1.3681116563436007e-10,1.0798913327101694e-10,-3.003253002242826e-10,1.2218547309438393e-10,2.9002083502566307e-10
85,8.5,-0.6656450941034086,0.7630723790742947,0.7723668401322384,-1.6750000000000622,0.6815331176937476,1.6175117560108043,-0.07948001123634467,0.09111311988960173,0.07192439882186516,-0.20000000000030094,0.08137708867996994,0.193135732061275,-1.1934620512971053e-10,1.3681116563436007e-10,1.0798913327101694e-10,-3.003253002242826e-10,1.2218547309438393e-10,2.9002083502566307e-10
86,8.6,-0.6735930952270371,0.7721836910632482,0.7795592800144197,-1.6950000000000776,0.6896708265617384,1.6368253292169177,-0.07948001123634449,0.09111311988960182,0.0719243988218653,-0.20000000000030108,0.08137708867996978,0.19313573206127513,-1.1940160548024076e-10,1.3688041607252283e-10,1.0805838370917971e-10,-3.0046380110060815e-10,1.2224087344491415e-10,2.9013163572672346e-10
87,8.7,-0.6815410963506656,0.7812950030522016,0.7867517198966009,-1.7150000000000927,0.6978085354297294,1.6561389024230309,-0.07948001123634449,0.09111311988960182,0.0719243988218653,-0.20000000000030108,0.08137708867996978,0.19313573206127513,-1.1940160548024076e-10,1.3688041607252283e-10,1.0805838370917971e-10,-3.0046380110060815e-10,1.2224087344491415e-10,2.9013163572672346e-10
88,8.8,-0.6894890974742941,0.7904063150411549,0.7939441597787819,-1.7350000000001076,0.7059462442977202,1.6754524756291436,-0.07948001123634449,0.09111311988960182,0.0719243988218653,-0.20000000000030108,0.08137708867996978,0.19313573206127513,-1.1940160548024076e-10,1.3688041607252283e-10,1.0805838370917971e-10,-3.0046380110060815e-10,1.2224087344491415e-10,2.9013163572672346e-10
89,8.9,-0.6974370985979225,0.7995176270301081,0.801136599660963,-1.7550000000001227,0.714083953165711,1.6947660488352567,-0.07948001123634438,0.09111311988960173,0.07192439882186547,-0.20000000000030094,0.08137708867996994,0.193135732061275,-1.1934620512971053e-10,1.3681116563436007e-10,1.080029833586495e-10,-3.003253002242826e-10,1.2218547309438393e-10,2.9002083502566307e-10
90,9.0,-0.705385099721551,0.8086289390190614,0.8083290395431442,-1.7750000000001376,0.7222216620337019,1.7140796220413694,-0.07948001123634438,0.09111311988960173,0.07192439882186547,-0.20000000000030094,0.08137708867996994,0.193135732061275,-1.1934620512971053e-10,1.3681116563436007e-10,1.080029833586495e-10,-3.003253002242826e-10,1.2218547309438393e-10,2.9002083502566307e-10
91,9.1,-0.7133331008451793,0.8177402510080146,0.8155214794253252,-1.7950000000001525,0.7303593709016927,1.7333931952474824,-0.07948001123634438,0.09111311988960173,0.07192439882186547,-0.20000000000030094,0.08137708867996994,0.193135732061275,-1.1934620512971053e-10,1.3681116563436007e-10,1.080029833586495e-10,-3.003253002242826e-10,1.2218547309438393e-10,2.9002083502566307e-10
92,9.2,-0.7208362833062029,0.8263416383567393,0.822311386464406,-1.8138806779072634,0.7380416439036057,1.7516258629944697,-0.06263024885414059,0.07179713847289292,0.05667642627154059,-0.15759999999998855,0.06412514587971517,0.15219095686404466,0.31792004494949755,-0.36445247956314814,-0.2876975952911946,0.8000000000115963,-0.3255083547241133,-0.7725429282551107
93,9.3,-0.725512918649461,0.8317027704210412,0.8265434465804107,-1.8256487571274804,0.7428299040350811,1.7629900459702113,-0.0308382443596169,0.03535189051706835,0.027906666742807135,-0.07759999999990358,0.0315743104077416,0.07493666403956883,0.3179200449833351,-0.3644524796019227,-0.287697595321809,0.8000000000967227,-0.32550835475874534,-0.7725429283373366
94,9.39710099,-0.7270116894842341,0.8334209091660099,0.827899739685884,-1.8294201980507045,0.7443644484473811,1.7666320459883695,5.672602610113175e-17,-6.502874290799881e-17,-5.1333476951141486e-17,1.4274287388444054e-16,-5.807999753255202e-17,-1.3784374722080095e-16,0.3179200449744985,-0.3644524795917903,-0.2876975953138145,0.8000000000744827,-0.32550835474969586,-0.7725429283158637
